{
  "project_info": {
    "project_number": "755029445395",
    "firebase_url": "https://zillow-pakistan-default-rtdb.firebaseio.com",
    "project_id": "zillow-pakistan",
    "storage_bucket": "zillow-pakistan.firebasestorage.app"
  },
  "client": [
    {
      "client_info": {
        "mobilesdk_app_id": "1:755029445395:android:72ec4bb8dc5c423dc2e8e6",
        "android_client_info": {
          "package_name": "com.example.zillowpakistan"
        }
      },
      "oauth_client": [
        {
          "client_id": "755029445395-maupnnmtmlb3o4odn6p0pdsc48jfakh5.apps.googleusercontent.com",
          "client_type": 3
        }
      ],
      "api_key": [
        {
          "current_key": "AIzaSyAU-j91NjSz3wwWcw-LnmMMDW2Gqeih6tE"
        }
      ],
      "services": {
        "appinvite_service": {
          "other_platform_oauth_client": [
            {
              "client_id": "755029445395-maupnnmtmlb3o4odn6p0pdsc48jfakh5.apps.googleusercontent.com",
              "client_type": 3
            }
          ]
        }
      }
    }
  ],
  "configuration_version": "1"
}